filename,play_count,like_count
1.jpg,773669,16500
2.jpg,687191,9992
3.jpg,9877,132
4.jpg,845483,12838
5.jpg,336296,0
6.jpg,3849601,103010
7.jpg,349808,27013
8.jpg,3139843,66234
9.jpg,2042900,32903
10.jpg,33519,425
11.jpg,5075119,124759
12.jpg,3985,27
13.jpg,5305,73
14.jpg,2701010,155339
15.jpg,31500,450
16.jpg,65117,6199
17.jpg,2633256,66366
18.jpg,1243403,28839
19.jpg,1045781,17095
20.jpg,491717,25739
21.jpg,65152,6204
22.jpg,1045781,17095
23.jpg,4423642,51264
24.jpg,2629,30
25.jpg,110109,8157
26.jpg,1262,103
27.jpg,1428558,198975
28.jpg,1665706,109811
29.jpg,80697,2260
30.jpg,57305,2061
31.jpg,3922,97
32.jpg,27039,0
33.jpg,1982,30
34.jpg,21986642,1432663
35.jpg,6653362,128332
36.jpg,794002,14515
37.jpg,1955448,30514
38.jpg,1422799,30999
39.jpg,3873709,86308
40.jpg,3565,50
41.jpg,140723,8311
42.jpg,3873710,86308
43.jpg,1422799,30999
44.jpg,31,0
45.jpg,1728087,27122
46.jpg,111029,1476
47.jpg,58649,3682
48.jpg,3362437,54849
49.jpg,2082396,35928
50.jpg,30,0
51.jpg,22539,790
52.jpg,1644892,63779
53.jpg,524391,7073
54.jpg,399,6
55.jpg,728636,11109
56.jpg,16332,0
57.jpg,998449,34918
58.jpg,4130611,85438
59.jpg,102907,1395
60.jpg,271870,3633
61.jpg,1101117,27678
62.jpg,1350446,0
63.jpg,3423955,134190
64.jpg,971488,7728
65.jpg,1326521,89955
66.jpg,2087411,152408
67.jpg,123015,1199
68.jpg,112,0
69.jpg,361649,21489
70.jpg,60327,1458
71.jpg,42395,1085
72.jpg,454643,7625
73.jpg,2327,50
74.jpg,3187,0
75.jpg,1230615,30345
76.jpg,820868,13898
77.jpg,3388187,103095
78.jpg,1393819,7739
79.jpg,1186235,43927
80.jpg,5023358,0
81.jpg,946,30
82.jpg,1158849,22453
83.jpg,1951787,55355
84.jpg,454644,7625
85.jpg,5023359,0
86.jpg,267889,9377
87.jpg,4621,66
88.jpg,21133,1490
89.jpg,5288304,226683
90.jpg,139949,1337
91.jpg,14,0
92.jpg,883009,15266
93.jpg,358660,19055
94.jpg,32948,1952
95.jpg,2397,124
96.jpg,38179,827
97.jpg,11,0
98.jpg,1224912,32683
99.jpg,55870,2484
100.jpg,2170590,334732
101.jpg,5553,260
102.jpg,1245733,40506
103.jpg,7432427,0
104.jpg,89299,1478
105.jpg,4779,155
106.jpg,140225,10303
107.jpg,784248,45714
108.jpg,52392,1476
109.jpg,3,0
110.jpg,856734,58778
111.jpg,1174,15
112.jpg,164922,12225
113.jpg,9649,244
114.jpg,62411,1020
115.jpg,354570,0
116.jpg,140661,4391
117.jpg,6109961,161083
118.jpg,289082,7078
119.jpg,124996,10181
120.jpg,36,0
121.jpg,705751,0
122.jpg,13376,345
123.jpg,140253,3439
124.jpg,62417,1020
125.jpg,1082,46
126.jpg,194963,5224
127.jpg,3166,0
128.jpg,48085,1121
129.jpg,125025,10181
130.jpg,856734,58778
131.jpg,164958,12228
132.jpg,4539515,329269
133.jpg,31409,0
134.jpg,289082,7078
135.jpg,36,0
136.jpg,9649,244
137.jpg,1250,50
138.jpg,4119,55
139.jpg,2961,0
140.jpg,143950,5924
141.jpg,3605,28
142.jpg,1174,15
143.jpg,143952,5924
144.jpg,228,8
145.jpg,4948226,0
146.jpg,410856,9377
147.jpg,747064,16244
148.jpg,4120,55
149.jpg,2470558,160400
150.jpg,24977,1257
151.jpg,4539040,0
152.jpg,17836,736
153.jpg,431,9
154.jpg,4093,286
155.jpg,173384,2827
156.jpg,384481,10625
157.jpg,42471,0
158.jpg,827205,9490
159.jpg,173299,6094
160.jpg,12199537,1463910
161.jpg,1167444,71286
162.jpg,228,8
163.jpg,257798,5066
164.jpg,4490,169
165.jpg,22085,0
166.jpg,27837,457
167.jpg,1127434,40917
168.jpg,123046,785
169.jpg,210710,11435
170.jpg,931879,23165
171.jpg,192825,0
172.jpg,133736,1260
173.jpg,548487,46380
174.jpg,803,6
175.jpg,17840,736
176.jpg,134423,3974
177.jpg,4727770,0
178.jpg,9335,549
179.jpg,1172,38
180.jpg,6938226,302371
181.jpg,2668658,209801
182.jpg,88632,1950
183.jpg,4727770,0
184.jpg,11887,860
185.jpg,548487,46380
186.jpg,52392,1476
187.jpg,23916,2415
188.jpg,859434,28649
189.jpg,23485,0
190.jpg,714547,16174
191.jpg,76622,3182
192.jpg,803,6
193.jpg,2368155,68259
194.jpg,6938226,302371
195.jpg,88431,0
196.jpg,3474,216
197.jpg,18332,948
198.jpg,1913563,63823
199.jpg,267465,10798
200.jpg,387182,28294
201.jpg,6728,687
202.jpg,372604,0
203.jpg,5574,260
204.jpg,1158852,22453
205.jpg,849462,6821
206.jpg,2668658,209801
207.jpg,85477,799
208.jpg,0,0
209.jpg,173396,2828
210.jpg,12505,203
211.jpg,31477,776
212.jpg,170962,3684
213.jpg,1280,21
214.jpg,81,0
215.jpg,387182,28295
216.jpg,747067,16244
217.jpg,268165,3901
218.jpg,3858207,51299
219.jpg,1167445,71286
220.jpg,115783,0
221.jpg,313980,10571
222.jpg,166695,3168
223.jpg,115784,0
224.jpg,853550,36340
225.jpg,279839,8453
226.jpg,1989,30
227.jpg,1098,12
228.jpg,3709277,23344
229.jpg,45,0
230.jpg,5,0
231.jpg,5170162,238767
232.jpg,372889,18257
233.jpg,2581,161
234.jpg,1316013,59139
235.jpg,38554,0
236.jpg,15364,1287
237.jpg,8467,478
238.jpg,68649,3121
239.jpg,2998,83
240.jpg,1246865,101324
241.jpg,0,0
242.jpg,76622,3182
243.jpg,1127434,40917
244.jpg,4519199,84669
245.jpg,68674,3121
246.jpg,1323476,23002
247.jpg,11898,0
248.jpg,110633,7053
249.jpg,1316013,59139
250.jpg,6728,687
251.jpg,361664,21489
252.jpg,1549707,57874
253.jpg,6510,0
254.jpg,1755,43
255.jpg,1305785,100461
256.jpg,626871,47709
257.jpg,2459035,150551
258.jpg,4093,347
259.jpg,419977,0
260.jpg,104975,17856
261.jpg,779904,9103
262.jpg,11149,916
263.jpg,160039,28331
264.jpg,1316014,59139
265.jpg,2100697,46957
266.jpg,24613,0
267.jpg,626873,47709
268.jpg,2704702,182306
269.jpg,2549034,147138
270.jpg,12508,203
271.jpg,57716,1736
272.jpg,141524,0
273.jpg,226951,4139
274.jpg,12801,503
275.jpg,2385302,213374
276.jpg,110113,4096
277.jpg,1305828,100463
278.jpg,300202,0
279.jpg,738836,37931
280.jpg,332102,13311
281.jpg,92492,2604
282.jpg,298432,13494
283.jpg,300202,0
284.jpg,98060,2282
285.jpg,434,19
286.jpg,561374,23609
287.jpg,288999,4449
288.jpg,4192743,160001
289.jpg,0,0
290.jpg,134424,3974
291.jpg,13478,500
292.jpg,409962,41080
293.jpg,95,2
294.jpg,767751,5338
295.jpg,727073,0
296.jpg,509447,31290
297.jpg,564502,19172
298.jpg,30966,2107
299.jpg,37848,1855
300.jpg,1279358,44815
301.jpg,35280,0
302.jpg,298432,13494
303.jpg,556567,24994
304.jpg,133035,3636
305.jpg,24,1
306.jpg,226951,4139
307.jpg,311076,0
308.jpg,265091,11773
309.jpg,15210,1563
310.jpg,2459038,150551
311.jpg,738836,37931
312.jpg,44186,313
313.jpg,3382797,0
314.jpg,358668,19055
315.jpg,5712,716
316.jpg,28818,977
317.jpg,204008,42099
318.jpg,1576529,44061
319.jpg,15391,0
320.jpg,12895857,8875
321.jpg,86330,1725
322.jpg,372475,12817
323.jpg,3937,29
324.jpg,15391,0
325.jpg,303458,39195
326.jpg,313051,7453
327.jpg,247198,13849
328.jpg,238768,3805
329.jpg,156071,7260
330.jpg,2,0
331.jpg,33923,1711
332.jpg,113697,1755
333.jpg,509447,31290
334.jpg,222223,24648
335.jpg,799591,58272
336.jpg,1275903,0
337.jpg,37850,1855
338.jpg,81828,7205
339.jpg,12816,248
340.jpg,80580,1512
341.jpg,11,2
342.jpg,2100700,46958
343.jpg,1268,54
344.jpg,230916,0
345.jpg,1012336,88993
346.jpg,247968,8031
347.jpg,2584,161
348.jpg,17934,1818
349.jpg,556568,24994
350.jpg,606791,0
351.jpg,39121872,1901711
352.jpg,36708,343
353.jpg,361887,2045
354.jpg,13994655,705698
355.jpg,6142490,81258
356.jpg,34469,0
357.jpg,265091,11773
358.jpg,3187572,91242
359.jpg,215444,5759
360.jpg,1576529,44061
361.jpg,34469,0
362.jpg,71795,2390
363.jpg,110636,7053
364.jpg,829,44
365.jpg,68727,3123
366.jpg,346256,21750
367.jpg,357674,0
368.jpg,11,1
369.jpg,17,5
370.jpg,11720,948
371.jpg,62205,544
372.jpg,770,17
373.jpg,18538,0
374.jpg,113699,1755
375.jpg,256,4
376.jpg,385857,14823
377.jpg,779904,9103
378.jpg,94717,1835
379.jpg,52998,0
380.jpg,322399,11685
381.jpg,4964,183
382.jpg,217,0
383.jpg,12514,203
384.jpg,0,0
385.jpg,17,5
386.jpg,93830,2108
387.jpg,198826,6240
388.jpg,88816,0
389.jpg,2480,375
390.jpg,45428,3344
391.jpg,247968,8031
392.jpg,109154,1493
393.jpg,620125,39437
394.jpg,679881,0
395.jpg,2514,43
396.jpg,2754059,69898
397.jpg,113704,1755
398.jpg,388815,11385
399.jpg,1689,53
400.jpg,51201,0
401.jpg,171778,15998
402.jpg,3812220,64889
403.jpg,51201,0
404.jpg,0,2
405.jpg,4256,207
406.jpg,231829,12436
407.jpg,2584,161
408.jpg,293306,13619
409.jpg,31416,0
410.jpg,109156,1493
411.jpg,88379,4081
412.jpg,78085,2016
413.jpg,639266,42384
414.jpg,361813,7965
415.jpg,278901,0
416.jpg,60086,1227
417.jpg,26975,1220
418.jpg,669508,25403
419.jpg,13525,196
420.jpg,39121944,1901712
